{
  "PS1": [
    "BRGY13-B (POB)",
    "BRGY 14-B (POB)",
    "BRGY 15-B (POB)",
    "BRGY 21-C",
    "BRGY 22-C",
    "BRGY 23-C",
    "BRGY 24-C",
    "BRGY 25-C",
    "BRGY 26-C (POB)",
    "BRGY 27-C",
    "BRGY 28-C",
    "BRGY 29-C (POB)",
    "BRGY 30-C",
    "BRGY 31-D",
    "BRGY 32-D",
    "BRGY CENTRO AGDAO/ SAN JUAN",
    "BRGY AGDAO PROPER",
    "LEON GARCIA",
    "BRGY LAPU-LAPU",
    "BRGY GOVERNOR VICENTE DUTERTE",
    "BRGY TOMAS MONTEVERDE"
  ],
  "PS2": [
    "BRGY 1-A",
    "BRGY 2-A",
    "BRGY 3-A (POB)",
    "BRGY 4-A",
    "BRGY 5-A",
    "BRGY 6-A",
    "BRGY 7-A",
    "BRGY 8-A",
    "BRGY 9-A",
    "BRGY 10-A",
    "BRGY 11-B (POB)",
    "BRGY 12-B",
    "BRGY 19-B",
    "BRGY 33-D",
    "BRGY 34-D",
    "BRGY 35-D",
    "BRGY 36-D",
    "BRGY 37-D",
    "BRGY 38-D",
    "BRGY 39-D",
    "BRGY 40-D"
  ],
  "PS3": [
    "CATALUNAN GRANDE",
    "MATINA PANGI",
    "TALOMO"
  ],
  "PS4": [
    "ANGLIONGTO",
    "PAMPANGA",
    "PANACAN",
    "SASA",
    "VICENTE HIZON SR"
  ],
  "PS5": [
    "BUHANGIN",
    "CABANTIAN",
    "COMMUNAL",
    "TIGATTO"
  ],
  "PS6": [
    "BUNAWAN",
    "GATUNGAN",
    "ILANG",
    "LASANG",
    "MAHAYAG",
    "MUDIANG",
    "SAN ISIDRO",
    "TIBUNGCO"
  ],
  "PS7": [
    "COLOSAS",
    "FATIMA (BENOWANG)",
    "LUMIAD",
    "MABUHAY",
    "MALABOG",
    "MAPULA",
    "PARADISE EMBAK",
    "PANALUM",
    "PANDAITAN",
    "PAQUIBATO (POB)",
    "SALAPAWAN",
    "SUMIMAO",
    "TAPAK"
  ],
  "PS8": [
    "ALAMBRE",
    "BANGKAS HEIGHTS",
    "BATO",
    "BINUGAO",
    "CAMANSI",
    "CROSSING BAYABAS",
    "DALIAO",
    "DALIAON PLANTATION",
    "LIZADA",
    "LUBOGAN",
    "MARAPANGI",
    "MULIG",
    "SIRAWAN",
    "TAGLUNO",
    "TORIL POBLACION",
    "TUNGAKALAN"
  ],
  "PS9": [
    "BAGO OSHIRO",
    "MANAMBULAN",
    "MATINA BIAO",
    "MINTAL",
    "STO NINO",
    "TACUNAN",
    "TUGBOK",
    "ULA"
  ],
  "PS10": [
    "BIAO JOAQUIN",
    "CALINAN POB",
    "CAWAYAN",
    "DACUDAO",
    "DALAGDAG",
    "DOMINGA",
    "INAYANGAN",
    "LACSON",
    "LAMANAN",
    "LAMPIANAO",
    "MEGCAWAYAN",
    "PANGYAN",
    "RIVERSIDE",
    "SALOY",
    "SIRIB",
    "SUBASTA",
    "TALOMO RIVER",
    "TAMAYONG",
    "WANGAN"
  ],
  "PS11": [
    "BAGUIO (POB)",
    "CADALIAN",
    "CARMEN",
    "GUMALANG",
    "MALAGOS",
    "TAMBOBONG",
    "TAWAN-TAWAN",
    "WINES"
  ],
  "PS12": [
    "BAGANIHAN",
    "BANTOL",
    "BUDA",
    "DALAG LUMOT",
    "DATU SALUMAY",
    "GUMITAN",
    "MAGSAYSAY",
    "MARILOG",
    "MALAMBA",
    "SALAYSAY",
    "SUAWAN (TULI)",
    "TAMUGAN"
  ],
  "PS13": [
    "ACACIA",
    "CALLAWA",
    "INDANGAN",
    "MANDUG",
    "WAAN"
  ],
  "PS15": [
    "74-A MATINA CROSSING",
    "76-A SIR",
    "75-A MATINA APLAYA"
  ],
  "PS16": [
    "LANGUB",
    "MA-A",
    "MAGTUOD",
    "NEW CARMEN"
  ],
  "PS17": [
    "BAGO APLAYA",
    "BAGO GALLERA",
    "BALIOK",
    "CATALUNAN PEQUENO",
    "DUMOY"
  ],
  "PS18": [
    "16-B (POB)",
    "17-B (POB)",
    "18-B",
    "20-B",
    "PACIANO BANGOY",
    "RAFAEL CASTILLO",
    "SAN ANTONIO",
    "UBALDE",
    "WILFREDO AQUINO"
  ],
  "PS19": [
    "ATAN-AWE",
    "BARACATAN",
    "BAYABAS",
    "CATIGAN",
    "EDEN",
    "KILATE",
    "SIBULAN",
    "TAGURANO",
    "TIBULOY"
  ],
  "PS20": [
    "ANGALAN",
    "BALENGAENG",
    "BIAO ESCUELA",
    "BIAO GUIANGA",
    "LOS AMIGOS",
    "MANUEL GUIANGA",
    "NEW VALENCIA",
    "TAGAKPAN",
    "TALANDANG"
  ]
}
