{
  "policeStations": [
    {
      "station_id": 1,
      "station_name": "PS1 Sta. Ana",
      "address": "2 M L Quezon Blvd, Poblacion District, Davao City, 8000 Davao del Sur",
      "contact_number": "09985987055 / 233-4884",
      "latitude": 7.073926884947963,
      "longitude": 125.62460794233071,
      "barangays": [
        "BRGY13-B (POB)",
        "BRGY 14-B (POB)",
        "BRGY 15-B (POB)",
        "BRGY 21-C",
        "BRGY 22-C",
        "BRGY 23-C",
        "BRGY 24-C",
        "BRGY 25-C",
        "BRGY 26-C (POB)",
        "BRGY 27-C",
        "BRGY 28-C",
        "BRGY 29-C (POB)",
        "BRGY 30-C",
        "BRGY 31-D",
        "BRGY 32-D",
        "BRGY CENTRO AGDAO/ SAN JUAN",
        "BRGY AGDAO PROPER",
        "LEON GARCIA",
        "BRGY LAPU-LAPU",
        "BRGY GOVERNOR VICENTE DUTERTE",
        "BRGY TOMAS MONTEVERDE"
      ]
    },
    {
      "station_id": 2,
      "station_name": "PS2 San Pedro",
      "address": "Purok 6, 107 San Pedro St, Poblacion District, Davao City, Davao del Sur",
      "contact_number": "09985987057 / 226-4835",
      "latitude": 7.06363513645959,
      "longitude": 125.60983772750019,
      "barangays": [
        "BRGY 1-A",
        "BRGY 2-A",
        "BRGY 3-A (POB)",
        "BRGY 4-A",
        "BRGY 5-A",
        "BRGY 6-A",
        "BRGY 7-A",
        "BRGY 8-A",
        "BRGY 9-A",
        "BRGY 10-A",
        "BRGY 11-B (POB)",
        "BRGY 12-B",
        "BRGY 19-B",
        "BRGY 33-D",
        "BRGY 34-D",
        "BRGY 35-D",
        "BRGY 36-D",
        "BRGY 37-D",
        "BRGY 38-D",
        "BRGY 39-D",
        "BRGY 40-D"
      ]
    },
    {
      "station_id": 3,
      "station_name": "PS3 Talomo",
      "address": "3G4W+2FM, McArthur Highway, Talomo, Davao City, Davao del Sur",
      "contact_number": "09194439634 / 297-1598",
      "latitude": 7.055262956996804,
      "longitude": 125.5463240055573,
      "barangays": [
        "CATALUNAN GRANDE",
        "MATINA PANGI",
        "TALOMO"
      ]
    },
    {
      "station_id": 4,
      "station_name": "PS4 Sasa",
      "address": "Km 9, Paradise Island Road, Davao City-Panabo City Rd, Buhangin, Davao City, 8000 Davao del Sur",
      "contact_number": "09194439634 / 297-1598",
      "latitude": 7.1145752788215075,
      "longitude": 125.6574542290678,
      "barangays": [
        "ANGLIONGTO",
        "PAMPANGA",
        "PANACAN",
        "SASA",
        "VICENTE HIZON SR"
      ]
    },
    {
      "station_id": 5,
      "station_name": "PS5 Buhangin",
      "address": "4J77+C7J, Buhangin-Cabantian-Indangan Rd, Buhangin, Lungsod ng Dabaw, 8000 Lalawigan ng Davao del Sur",
      "contact_number": "09985987063",
      "latitude": 7.11375476140385,
      "longitude": 125.61321898470506,
      "barangays": [
        "BUHANGIN",
        "CABANTIAN",
        "COMMUNAL",
        "TIGATTO"
      ]
    },
    {
      "station_id": 6,
      "station_name": "PS6 Bunawan",
      "address": "6JPV+74W, Bunawan, Davao City, Davao del Sur",
      "contact_number": "09985987065 / 236-0284",
      "latitude": 7.235684819195078,
      "longitude": 125.64280068118306,
      "barangays": [
        "BUNAWAN",
        "GATUNGAN",
        "ILANG",
        "LASANG",
        "MAHAYAG",
        "MUDIANG",
        "SAN ISIDRO",
        "TIBUNGCO"
      ]
    },
    {
      "station_id": 7,
      "station_name": "PS7 Paquibato",
      "address": "8FF6+6CJ, Barangay Lacson Rd, Davao City, 8000 Davao del Sur",
      "contact_number": "09985987067",
      "latitude": 7.323117846058702,
      "longitude": 125.4610349916833,
      "barangays": [
        "COLOSAS",
        "FATIMA (BENOWANG)",
        "LUMIAD",
        "MABUHAY",
        "MALABOG",
        "MAPULA",
        "PARADISE EMBAK",
        "PANALUM",
        "PANDAITAN",
        "PAQUIBATO (POB)",
        "SALAPAWAN",
        "SUMIMAO",
        "TAPAK"
      ]
    },
    {
      "station_id": 8,
      "station_name": "PS8 Toril",
      "address": "2F9X+F96, General Lao St, Toril, Davao City, Davao del Sur",
      "contact_number": "09985987069 / 291-1633",
      "latitude": 7.018794722669158,
      "longitude": 125.49848119837901,
      "barangays": [
        "ALAMBRE",
        "BANGKAS HEIGHTS",
        "BATO",
        "BINUGAO",
        "CAMANSI",
        "CROSSING BAYABAS",
        "DALIAO",
        "DALIAON PLANTATION",
        "LIZADA",
        "LUBOGAN",
        "MARAPANGI",
        "MULIG",
        "SIRAWAN",
        "TAGLUNO",
        "TORIL POBLACION",
        "TUNGAKALAN"
      ]
    },
    {
      "station_id": 9,
      "station_name": "PS9 Tugbok",
      "address": "3GP5+444, Tugbok, Davao City, 8000 Davao del Sur",
      "contact_number": "09985987072 / 09082277648 / 293-1177",
      "latitude": 7.085446402287649,
      "longitude": 125.50790122883605,
      "barangays": [
        "BAGO OSHIRO",
        "MANAMBULAN",
        "MATINA BIAO",
        "MINTAL",
        "STO NINO",
        "TACUNAN",
        "TUGBOK",
        "ULA"
      ]
    },
    {
      "station_id": 10,
      "station_name": "PS10 Calinan",
      "address": "5FQ2+QW8, H Quiambao St, Calinan District, Davao City, 8000 Davao del Sur",
      "contact_number": "09985987074 / 295-0119",
      "latitude": 7.189501489500771,
      "longitude": 125.452646461377,
      "barangays": [
        "BIAO JOAQUIN",
        "CALINAN POB",
        "CAWAYAN",
        "DACUDAO",
        "DALAGDAG",
        "DOMINGA",
        "INAYANGAN",
        "LACSON",
        "LAMANAN",
        "LAMPIANAO",
        "MEGCAWAYAN",
        "PANGYAN",
        "RIVERSIDE",
        "SALOY",
        "SIRIB",
        "SUBASTA",
        "TALOMO RIVER",
        "TAMAYONG",
        "WANGAN"
      ]
    },
    {
      "station_id": 11,
      "station_name": "PS11 Baguio",
      "address": "5CC3+V73, Baguio Road, Davao City, Davao del Sur",
      "contact_number": "09985987076",
      "latitude": 7.172208918163278,
      "longitude": 125.40315983742406,
      "barangays": [
        "BAGUIO (POB)",
        "CADALIAN",
        "CARMEN",
        "GUMALANG",
        "MALAGOS",
        "TAMBOBONG",
        "TAWAN-TAWAN",
        "WINES"
      ]
    },
    {
      "station_id": 12,
      "station_name": "PS12 Marilog",
      "address": "C733+JMJ, Davao - Bukidnon Hwy, Marilog District, Davao City, 8000 Davao del Sur",
      "contact_number": "09985987079",
      "latitude": 7.406313963628985,
      "longitude": 125.25868719472082,
      "barangays": [
        "BAGANIHAN",
        "BANTOL",
        "BUDA",
        "DALAG LUMOT",
        "DATU SALUMAY",
        "GUMITAN",
        "MAGSAYSAY",
        "MARILOG",
        "MALAMBA",
        "SALAYSAY",
        "SUAWAN (TULI)",
        "TAMUGAN"
      ]
    },
    {
      "station_id": 13,
      "station_name": "PS13 Mandug",
      "address": "5H5H+FQJ, Mandug Rd, Buhangin, Davao City, Davao del Sur",
      "contact_number": "09639749831",
      "latitude": 7.158712265897077,
      "longitude": 125.57938030393281,
      "barangays": [
        "ACACIA",
        "CALLAWA",
        "INDANGAN",
        "MANDUG",
        "WAAN"
      ]
    },
    {
      "station_id": 14,
      "station_name": "PS15 Ecoland",
      "address": "76-A Candelaria, Talomo, Davao City, Davao del Sur",
      "contact_number": "09190932408",
      "latitude": 7.054131712097039,
      "longitude": 125.60214948303488,
      "barangays": [
        "74-A MATINA CROSSING",
        "76-A SIR",
        "75-A MATINA APLAYA"
      ]
    },
    {
      "station_id": 15,
      "station_name": "PS16 Maa",
      "address": "3HXQ+XVW, Bypass Road, Talomo, Lungsod ng Dabaw, Lalawigan ng Davao del Sur",
      "contact_number": "09094015088",
      "latitude": 7.100157191380795,
      "longitude": 125.5899695885922,
      "barangays": [
        "LANGUB",
        "MA-A",
        "MAGTUOD",
        "NEW CARMEN"
      ]
    },
    {
      "station_id": 16,
      "station_name": "PS17 Baliok",
      "address": "Barangay, Purok 2 Libby Road, Talomo, Davao City, 8000 Davao del Sur",
      "contact_number": "09079908630",
      "latitude": 7.04669076212661,
      "longitude": 125.5010750653133,
      "barangays": [
        "BAGO APLAYA",
        "BAGO GALLERA",
        "BALIOK",
        "CATALUNAN PEQUENO",
        "DUMOY"
      ]
    },
    {
      "station_id": 17,
      "station_name": "PS18 Bajada",
      "address": "3JW8+25M, Daang Maharlika Highway, Dacudao Ave, Poblacion District, Davao City, Davao del Sur",
      "contact_number": "09691914296 / 282-0302",
      "latitude": 7.0953094237019725,
      "longitude": 125.61549817857369,
      "barangays": [
        "16-B (POB)",
        "17-B (POB)",
        "18-B",
        "20-B",
        "PACIANO BANGOY",
        "RAFAEL CASTILLO",
        "SAN ANTONIO",
        "UBALDE",
        "WILFREDO AQUINO"
      ]
    },
    {
      "station_id": 18,
      "station_name": "PS20 Los Amigos",
      "address": "4FRH+MVQ, Tugbok, Davao City, 8000 Davao del Sur",
      "contact_number": "09207444000 / 282-8769",
      "latitude": 7.141641470017805,
      "longitude": 125.48006096137699,
      "barangays": [
        "ATAN-AWE",
        "BARACATAN",
        "BAYABAS",
        "CATIGAN",
        "EDEN",
        "KILATE",
        "SIBULAN",
        "TAGURANO",
        "TIBULOY"
      ]
    },
    {
      "station_id": 19,
      "station_name": "PS19 Eden",
      "address": "Tugbok, Davao City",
      "contact_number": "09171309130",
      "latitude": null,
      "longitude": null,
      "barangays": [
        "ANGALAN",
        "BALENGAENG",
        "BIAO ESCUELA",
        "BIAO GUIANGA",
        "LOS AMIGOS",
        "MANUEL GUIANGA",
        "NEW VALENCIA",
        "TAGAKPAN",
        "TALANDANG"
      ]
    }
  ]
}
